<?xml version="1.0" encoding="UTF-8"?>
<project-private xmlns="http://www.netbeans.org/ns/project-private/1">
    <editor-bookmarks xmlns="http://www.netbeans.org/ns/editor-bookmarks/1"/>
    <open-files xmlns="http://www.netbeans.org/ns/projectui-open-files/1">
        <file>file:////bear-ad.cs.fiu.edu/homes/windowsfiles/CLARKEP_FIU/COURSES/Fall2011/CEN4072/ProjectArtifacts/CEN4072-ProjectArtifacts-PSM-Spring2008/PSM/src/my/PSM/InterfaceController.java</file>
        <file>file:////bear-ad.cs.fiu.edu/homes/windowsfiles/CLARKEP_FIU/COURSES/Fall2011/CEN4072/ProjectArtifacts/CEN4072-ProjectArtifacts-PSM-Spring2008/PSM/src/my/PSM/DBConnection.java</file>
        <file>file:////bear-ad.cs.fiu.edu/homes/windowsfiles/CLARKEP_FIU/COURSES/Fall2011/CEN4072/ProjectArtifacts/CEN4072-ProjectArtifacts-PSM-Spring2008/PSM/src/my/PSM/appController.java</file>
        <file>file:////bear-ad.cs.fiu.edu/homes/windowsfiles/CLARKEP_FIU/COURSES/Fall2011/CEN4072/ProjectArtifacts/CEN4072-ProjectArtifacts-PSM-Spring2008/PSM/src/my/PSM/Logic/LogicFacade.java</file>
        <file>file:////bear-ad.cs.fiu.edu/homes/windowsfiles/CLARKEP_FIU/COURSES/Fall2011/CEN4072/ProjectArtifacts/CEN4072-ProjectArtifacts-PSM-Spring2008/PSM/src/my/PSM/DataStore/DtaStoreFacade.java</file>
    </open-files>
</project-private>
